Method,Accuracy,Macro F1,PDD F1
MoCA Only,0.6701388888888888,0.5013761457434883,0.32432432432432434
MoCA + ADL,0.6597222222222222,0.48281170422886754,0.27906976744186046
Simple LR,0.78125,0.5728639146995999,0.38095238095238093
Two-Stage ML,0.9097222222222222,0.7604051917392259,0.5161290322580645
