,precision,recall,f1-score,support
pdd,0.47058823529411764,0.5714285714285714,0.5161290322580645,14.0
pdmci,0.9056603773584906,0.7058823529411765,0.7933884297520661,68.0
pdnc,0.944954128440367,1.0,0.9716981132075472,206.0
accuracy,0.9097222222222222,0.9097222222222222,0.9097222222222222,0.9097222222222222
macro avg,0.7737342470309917,0.7591036414565826,0.7604051917392259,288.0
weighted avg,0.9126169840736479,0.9097222222222222,0.9074514965121809,288.0
