Method,Accuracy,Macro F1,PDD F1,N_Features
Total Scores,0.4444444444444444,0.434042802463855,0.42424242424242425,3
Subitem Features,0.9097222222222222,0.7604051917392259,0.5161290322580645,10
